trial_number,status,hpt_forecast_variance,hpt_forecast_rmse,hpt_forecast_variance,best_val_loss,std_val_agg_error,embed_dim,num_heads,ff_dim,num_transformer_blocks,mlp_units,dropout,mlp_dropout,learning_rate,batch_size,loss_weight_factor
0,Completed,0.000717,0.050561,0.000717,0.332152,0.000080,128,8,128,2,[112],0.2786222848508959,0.5444601184970671,0.00037759657391160623,256,0.04957239386995919
1,Completed,0.000414,0.036852,0.000414,0.319110,0.000116,64,2,128,1,[96],0.10419834351910563,0.18034624147654238,0.00025674231337642997,256,0.036002188118589774
2,Completed,0.000258,0.026759,0.000258,0.316084,0.000187,128,4,160,4,"[80, 64]",0.026811354791288034,0.5714362745139407,0.0006237011401144599,256,0.02713181141476495
3,Completed,0.000062,0.019186,0.000062,0.351409,0.003499,32,2,64,5,"[48, 48]",0.2751076073494747,0.3002164313953947,1.2661344870105993e-05,128,0.017503216129268685
4,Completed,0.000200,0.026433,0.000200,0.321790,0.000013,32,4,96,6,"[112, 80]",0.21811571406398753,0.09015624803199111,0.00010635570996274241,32,0.03302608597809872
