trial_number,status,hpt_forecast_rmse,hpt_forecast_rmse,hpt_forecast_std_dev,hpt_val_loss,hpt_val_agg_error,embed_dim,num_heads,ff_dim,num_transformer_blocks,mlp_units,dropout,mlp_dropout,learning_rate,batch_size,focal_loss_gamma,transition_weight_factor
3,Completed,0.074461,0.074461,0.013332,0.178578,0.001734,32,4,96,3,"[16, 48]",0.11055192446970087,0.4787864755804423,0.00028747069511407563,64,1.1606475437769892,0.8842823144271921
4,Completed,0.223528,0.223528,0.023833,0.040045,0.001629,128,2,256,3,"[96, 112]",0.21423323545605374,0.4321997409227792,2.816109337460957e-05,256,4.908136078308693,0.562032324381488
5,Completed,0.034210,0.034210,0.012154,0.139088,0.000487,64,8,160,5,"[80, 32]",0.04960584592003598,0.27463480483222386,1.0396485985946366e-05,32,1.8062270208719227,0.6514595749402001
6,Completed,0.152248,0.152248,0.021888,0.076003,0.003298,64,4,32,1,"[112, 112]",0.1588026023673451,0.5330092980755281,1.1254197586523939e-05,64,3.480274687892076,0.5693732935467923
7,Completed,0.143176,0.143176,0.036862,0.045129,0.000042,64,2,64,2,"[128, 96]",0.16925531759888965,0.18833802885403297,6.884844112565574e-05,64,4.52788971386013,0.9614527645117809
8,Completed,0.149489,0.149489,0.031065,0.038352,0.000194,64,2,96,1,"[64, 112]",0.209460803362695,0.5014043407659017,0.0001833100277231084,32,4.990385651746709,0.01991956067516487
